{"cameraMode":{"drawMode":0,"name":"Shaded","section":"Shading Mode"},"sceneLighting":false,"audioPlay":false,"sceneViewState":{"m_AlwaysRefresh":false,"showFog":true,"showSkybox":false,"showFlares":true,"showImageEffects":true,"showParticleSystems":true,"showVisualEffectGraphs":true,"m_FxEnabled":true},"in2DMode":false,"pivot":{"x":-0.30812931060791018,"y":10.79471492767334,"z":-0.003925323486328125},"rotation":{"x":-0.03149154782295227,"y":-0.011386392638087273,"z":0.0003178819897584617,"w":-0.9994015693664551},"size":23.32402229309082,"orthographic":false}